unique_id,keyAnswer,studentAnswer
id-id,saya adalah pemilik tempat rekreasi ini,pemilik tempat rekreasi ini adalah saya
id-iden,saya adalah pemilik tempat rekreasi ini,owner tempat rekreasi ini adalah saya
iden-iden,saya adalah owner tempat rekreasi ini,owner tempat rekreasi ini adalah saya
en-en,My children work at South Jakarta,South Jakarta is where my children work
en-enid,My children work at South Jakarta,Jakarta Selatan is where my children work
enid-enid,My children work at Jakarta Selatan,Jakarta Selatan is where my children work
